title,content,tags,created_on,last_updated_on
MongoDB Basics important Mong,MongoDB is a NoSQL database that uses a document-oriented data model,tag7 tag2 nosql,1/29/2023,1/29/2023
MongoDB Advanced,MongoDB is a NoSQL database that uses a document-oriented data model,tag3 tag2 mongodb database,3/20/2023,3/20/2023
diam vitae quam,nisl venenatis lacinia aenean sit amet justo morbi ut odio cras,important,3/2/2023,3/2/2023
dui luctus,eget vulputate ut ultrices vel augue vestibulum ante ipsum,,5/9/2023,5/9/2023
duis faucibus,consequat nulla nisl nunc nisl duis bibendum felis sed interdum venenatis turpis enim,tag5 important,3/6/2023,8/11/2023
vehicula consequat,nisl aenean lectus pellentesque eget nunc donec quis,tag2 tag9 tag3,5/22/2023,5/22/2023
at diam nam important nisl,nisl ut volutpat sapien arcu sed augue aliquam,tag8 tag9,7/5/2023,7/5/2023
quam fringilla rhoncus,massa donec dapibus duis at velit eu est congue elementum in hac habitasse,tag5 tag3 tag7 tag2 important,3/12/2023,5/13/2023
mongodb intermediate,quisque ut erat curabitur gravida nisi at nibh in hac habitasse platea,tag1 tag7 mongo nosql,9/9/2023,9/9/2023
mongodb cubilia curae,dignissim vestibulum vestibulum ante ipsum primis in faucibus orci luctus,tag2 important tag7,5/23/2023,5/23/2023
quam nec,nullam varius nulla facilisi cras non velit nec nisi vulputate nonummy maecenas,tag5,5/6/2023,9/22/2023
curae duis faucibus,vestibulum sagittis sapien cum sociis natoque penatibus et magnis dis parturient montes,tag8 tag2 important,7/21/2023,7/21/2023
dapibus dolor vel,mi nulla ac enim in tempor turpis nec euismod scelerisque quam turpis adipiscing,tag9 important tag5 tag8 tag4,2/28/2023,2/28/2023
tortor quis turpis,nulla quisque arcu libero rutrum ac lobortis vel dapibus at diam nam,tag2 tag5 tag4,5/3/2023,5/3/2023
pede lobortis ligula important ipsu,ipsum primis in faucibus orci luctus et ultrices posuere cubilia curae nulla,tag5 tag7,2/19/2023,3/15/2024
lorem mongodb quisque ut,quis turpis eget elit sodales scelerisque mauris sit amet eros suspendisse accumsan,tag4 important,12/21/2023,12/22/2023
vestibulum vestibulum ante,vivamus metus arcu adipiscing molestie hendrerit at vulputate vitae nisl aenean,tag4 tag3 tag2 tag1 tag8 important,3/22/2023,3/22/2023
aliquet at,quis orci nullam molestie nibh in lectus pellentesque at nulla suspendisse potenti cras,tag1 important tag8,4/16/2023,4/16/2023
aenean auctor,tincidunt in leo maecenas pulvinar lobortis est phasellus sit amet erat nulla tempus,tag4 tag5,7/4/2023,10/26/2023
consequat mongodb dui nec important erat,erat eros viverra eget congue eget semper rutrum nulla nunc purus,tag1 tag9 tag3,5/18/2023,7/1/2023
integer aliquet,cursus urna ut tellus nulla ut erat id,tag8,9/1/2023,12/8/2023
et magnis,tortor risus dapibus augue vel accumsan tellus nisi eu orci mauris lacinia sapien,,7/6/2023,12/10/2023
luctus rutrum,phasellus in felis donec semper sapien a libero nam dui,tag2 tag5 important,3/24/2023,3/24/2023
rutrum rutrum,posuere cubilia curae donec pharetra magna vestibulum aliquet ultrices erat tortor sollicitudin mi,tag2 tag8 tag5 tag1,6/3/2023,6/3/2023
est quam,mi sit amet lobortis sapien sapien non mi integer ac neque,tag4,5/11/2023,1/28/2024
duis faucibus accumsan,vestibulum quam sapien varius ut blandit non interdum,important tag3 tag4 tag5 tag7,2/19/2023,2/19/2023
ipsum integer a,mi integer ac neque duis bibendum morbi non quam nec dui luctus rutrum nulla,tag6 tag9 tag8,1/11/2023,2/8/2023
id sapien MongoDB in,massa id lobortis convallis tortor risus dapibus augue vel accumsan tellus nisi eu,tag3 important tag7 tag1,2/4/2023,10/19/2023
nec molestie sed important turp,turpis nec euismod scelerisque quam turpis adipiscing lorem,tag5 tag1,1/4/2023,1/4/2023
cursus vestibulum proin,penatibus et magnis dis parturient montes nascetur ridiculus,,12/18/2023,12/18/2023
curabitur gravida nisi,sapien a libero nam dui proin leo odio porttitor id,tag7 tag6 tag4 tag8 tag3,5/5/2023,8/20/2023
mauris enim leo,in faucibus orci luctus et ultrices posuere cubilia,important tag8 tag3 tag2 tag6,1/15/2023,1/15/2023
nisl duis MongoDB,parturient montes nascetur ridiculus mus vivamus vestibulum sagittis sapien cum,tag2 tag9 tag1 important tag7,4/24/2023,10/13/2023
ac tellus semper,sed lacus morbi sem mauris laoreet ut rhoncus,tag9,7/28/2023,7/28/2023
nisl ut,metus arcu adipiscing molestie hendrerit at vulputate vitae nisl aenean lectus pellentesque eget nunc,,4/19/2023,4/19/2023
commodo MongoDB vulputate,ridiculus mus etiam vel augue vestibulum rutrum rutrum neque aenean auctor gravida sem praesent id,tag7 tag8 tag9,8/1/2023,2/20/2024
primis in,augue quam sollicitudin vitae consectetuer eget rutrum at lorem integer tincidunt,tag7 important tag2 tag3 tag8,2/19/2023,2/19/2023
integer a nibh important nisi,nisi venenatis tristique fusce congue diam id ornare imperdiet sapien urna pretium,tag2,3/15/2023,2/4/2024
ultrices aliquet maecenas,aenean fermentum donec ut mauris eget massa tempor convallis nulla neque,tag9,3/30/2023,3/30/2023
neque sapien placerat,leo pellentesque ultrices mattis odio donec vitae nisi nam ultrices libero non mattis pulvinar,tag2,1/29/2023,1/29/2023
quam sollicitudin,ullamcorper augue a suscipit nulla elit ac nulla sed vel enim,tag2 tag9 tag4,1/20/2023,3/29/2023
dui proin,id consequat in consequat ut nulla sed accumsan felis ut,tag6 important tag4 tag7 tag2,6/22/2023,6/22/2023
praesent blandit lacinia,nisi eu orci mauris lacinia sapien quis libero nullam sit amet turpis,tag7 tag8 tag5 tag6,7/14/2023,7/14/2023
MongoDB et ultrices important impe,imperdiet nullam orci pede venenatis non sodales sed tincidunt eu,tag3 tag9 tag5 tag1 tag7,5/5/2023,5/5/2023
sit amet,sapien cum sociis natoque penatibus et magnis dis parturient,important tag2,1/11/2023,8/31/2023
in sagittis dui,magnis dis parturient montes nascetur ridiculus mus etiam,tag1 tag2 tag4,5/31/2023,5/31/2023
augue a suscipit,lacinia nisi venenatis tristique fusce congue diam id,tag6 tag7,9/27/2023,9/27/2023
imperdiet sapien,pulvinar sed nisl nunc rhoncus dui vel sem sed sagittis nam congue,important tag1 tag4 tag7 tag2,6/24/2023,1/28/2024
nibh fusce lacus important eget,eget eros elementum pellentesque quisque porta volutpat erat quisque erat eros,tag9 tag6 tag3 tag4 tag2,10/11/2023,2/23/2024
mattis odio donec important sed ,sed accumsan felis ut at dolor quis odio consequat varius,tag7 tag1 tag8 tag3 tag5,5/18/2023,5/18/2023
lobortis vel,molestie nibh in lectus pellentesque at nulla suspendisse potenti cras in purus,important tag1,3/21/2023,6/30/2023
ultrices posuere,nec nisi volutpat eleifend donec ut dolor morbi,tag6,3/11/2023,9/20/2023
rhoncus aliquam,ipsum primis in faucibus orci luctus et ultrices posuere cubilia,important tag8 tag1 tag6,2/12/2023,3/23/2023
venenatis MongoDB non sodales,integer pede justo lacinia eget tincidunt eget tempus vel pede morbi porttitor lorem id ligula,tag6 tag5 tag2 tag7,6/16/2023,7/24/2023
integer pede justo important risu,risus praesent lectus vestibulum quam sapien varius ut blandit,tag5 tag1 tag9 tag3 tag6,6/1/2023,8/11/2023
non quam nec,turpis adipiscing lorem vitae mattis nibh ligula nec,tag4 tag2 tag7 tag9,4/2/2023,4/2/2023
suspendisse potenti important elem,elementum in hac habitasse platea dictumst morbi vestibulum velit id pretium iaculis diam,,7/3/2023,7/3/2023
parturient mongodb montes nascetur MongoDB important est ,est quam pharetra magna ac consequat metus sapien ut nunc vestibulum ante ipsum primis,tag5,4/21/2023,1/31/2024
duis faucibus accumsan,fringilla rhoncus mauris enim leo rhoncus sed vestibulum sit amet cursus,,6/30/2023,6/30/2023
semper sapien a important aene,aenean sit amet justo morbi ut odio cras mi pede malesuada in imperdiet,tag2 tag9 tag8 important,1/8/2023,6/21/2023
condimentum neque sapien,massa id nisl venenatis lacinia aenean sit amet justo morbi ut odio cras mi,tag1 important,5/31/2023,11/9/2023
congue eget,nunc rhoncus dui vel sem sed sagittis nam congue risus semper porta volutpat quam,tag1 tag3 tag8 tag6 tag2,4/1/2023,4/3/2023
amet justo morbi,mi integer ac neque duis bibendum morbi non quam nec dui luctus rutrum nulla,tag9 tag7,8/25/2023,12/3/2023
quis libero,eu est congue elementum in hac habitasse platea dictumst morbi vestibulum velit,tag4 important tag1,4/14/2023,7/13/2023
dui vel,in hac habitasse platea dictumst etiam faucibus cursus urna ut tellus nulla,,3/3/2023,3/3/2023
quam sollicitudin MongoDB important duis,duis mattis egestas metus aenean fermentum donec ut mauris eget massa tempor,tag6 tag4 tag1 tag8 tag2,1/23/2023,1/23/2023
ligula suspendisse ornare,nisi volutpat eleifend donec ut dolor morbi vel,tag6 tag3,4/21/2023,7/9/2023
morbi a important pede,pede posuere nonummy integer non velit donec diam neque vestibulum eget,,3/5/2023,8/25/2023
ut volutpat sapien,eu felis fusce posuere felis sed lacus morbi sem mauris laoreet ut rhoncus,tag1 tag7,1/27/2023,1/27/2023
quis libero nullam,est congue elementum in hac habitasse platea dictumst morbi,tag8,1/13/2023,12/25/2023
velit vivamus vel,accumsan tortor quis turpis sed ante vivamus tortor duis,tag6 tag8 tag1 tag7,8/14/2023,11/12/2023
aliquam lacus morbi,consequat in consequat ut nulla sed accumsan felis ut at,important tag7 tag4 tag1 tag2,2/16/2023,4/4/2023
interdum in MongoDB important ut a,ut at dolor quis odio consequat varius integer ac,tag6 important tag1 tag7,3/9/2023,10/24/2023
mi in important non ,non mattis pulvinar nulla pede ullamcorper augue a suscipit nulla elit ac nulla sed vel,,3/15/2023,3/15/2023
rutrum nulla tellus,in est risus auctor sed tristique in tempus sit amet sem fusce,tag1 tag2 important,10/26/2023,10/26/2023
at ipsum ac,potenti in eleifend quam a odio in hac habitasse platea dictumst maecenas,tag2 tag8 tag9 tag4,4/12/2023,9/25/2023
dolor vel est,et magnis dis parturient montes nascetur ridiculus mus etiam vel augue vestibulum,tag6 important tag8 tag3 tag2,4/4/2023,7/15/2023
vestibulum velit,hac habitasse platea dictumst etiam faucibus cursus urna ut tellus,tag7 tag3 important tag8,1/2/2023,1/2/2023
MongoDB erat quisque erat,ipsum dolor sit amet consectetuer adipiscing elit proin risus praesent lectus vestibulum quam sapien varius,tag7 tag2 tag8,1/27/2023,1/27/2023
tellus nulla ut important in e,in eleifend quam a odio in hac habitasse platea,tag7,9/26/2023,12/29/2023
eu orci mauris,vitae ipsum aliquam non mauris morbi non lectus aliquam,important,3/27/2023,11/1/2023
ac mongodb tellus,a pede posuere nonummy integer non velit donec diam neque vestibulum eget vulputate ut ultrices,tag9 tag7 tag5,10/12/2023,1/19/2024
et ultrices posuere,at turpis donec posuere metus vitae ipsum aliquam non,tag3 tag7 tag1 tag4 tag9,1/5/2023,5/12/2023
dolor vel est,elementum nullam varius nulla facilisi cras non velit nec,tag7 important,4/24/2023,12/7/2023
est phasellus sit important cubi,cubilia curae mauris viverra diam vitae quam suspendisse potenti nullam porttitor,tag3 tag7 tag6 tag8 tag9,3/29/2023,1/3/2024
curabitur gravida nisi important null,nulla neque libero convallis eget eleifend luctus ultricies,tag3 important,4/26/2023,4/26/2023
tempus vivamus,a ipsum integer a nibh in quis justo maecenas rhoncus aliquam lacus morbi quis tortor,tag2 tag5 tag8 tag9,1/3/2023,6/4/2023
id justo sit,morbi non lectus aliquam sit amet diam in magna bibendum imperdiet nullam orci,tag2 tag6 tag1 tag3 important,1/25/2023,3/28/2023
lorem integer,eget semper rutrum nulla nunc purus phasellus in felis,,4/6/2023,4/26/2023
imperdiet mongodb nullam,congue risus semper porta volutpat quam pede lobortis ligula sit amet eleifend pede libero quis,tag1 tag9,1/24/2023,1/24/2023
nonummy integer,massa quis augue luctus tincidunt nulla mollis molestie lorem quisque ut erat curabitur gravida nisi,,10/16/2023,2/21/2024
sodales sed tincidunt,accumsan odio curabitur convallis duis consequat dui nec nisi volutpat eleifend,tag8 important tag2 tag9,3/14/2023,3/14/2023
mi sit,penatibus et magnis dis parturient montes nascetur ridiculus mus etiam vel augue vestibulum rutrum rutrum,tag1 tag2 tag4 important tag8,1/22/2023,1/22/2023
ligula in lacus,et ultrices posuere cubilia curae mauris viverra diam vitae quam suspendisse,,1/12/2023,1/12/2023
non velit donec,tristique fusce congue diam id ornare imperdiet sapien urna pretium,tag2 tag4 tag5 important,9/9/2023,9/19/2023
mongodb curabitur in,nulla quisque arcu libero rutrum ac lobortis vel dapibus at diam,tag3 important,12/5/2023,1/7/2024
quisque erat eros,leo odio condimentum id luctus nec molestie sed justo,tag9 important,8/8/2023,9/19/2023
et ultrices,elementum nullam varius nulla facilisi cras non velit nec nisi vulputate nonummy maecenas tincidunt lacus,tag4,1/15/2023,1/15/2023
eros viverra eget,quam pharetra magna ac consequat metus sapien ut nunc vestibulum ante ipsum primis,tag8 tag3 important tag1 tag6,7/8/2023,7/8/2023
lacus curabitur at,morbi odio odio elementum eu interdum eu tincidunt in leo maecenas pulvinar lobortis est phasellus,tag3 tag1 tag2 important,6/18/2023,6/18/2023
erat eros viverra,tortor id nulla ultrices aliquet maecenas leo odio condimentum id luctus nec molestie sed justo,tag3 tag6 tag1 tag2,8/28/2023,12/27/2023
platea dictumst maecenas,orci nullam molestie nibh in lectus pellentesque at,tag9 tag2 tag6,2/20/2023,2/20/2023
dolor sit important tort,tortor risus dapibus augue vel accumsan tellus nisi eu orci mauris lacinia sapien,important,2/13/2023,7/1/2023
neque libero convallis,nec condimentum neque sapien placerat ante nulla justo aliquam quis turpis eget elit,tag7 tag5 tag8 tag2,3/7/2023,3/7/2023
turpis elementum mongodb important in f,in felis eu sapien cursus vestibulum proin eu mi nulla ac enim in tempor,tag2 important tag8 tag3,5/4/2023,11/27/2023
lorem quisque,at dolor quis odio consequat varius integer ac leo pellentesque ultrices mattis odio donec vitae,tag1 tag7,3/13/2023,3/13/2023
cras non,vulputate ut ultrices vel augue vestibulum ante ipsum primis in faucibus orci,tag6 tag5 tag9 tag7,1/8/2023,10/9/2023
felis eu sapien,sed accumsan felis ut at dolor quis odio consequat varius integer ac leo pellentesque ultrices,tag9 tag8 tag6 tag3,9/11/2023,9/11/2023
felis sed,proin eu mi nulla ac enim in tempor turpis nec,,2/3/2023,4/15/2023
luctus nec molestie,diam vitae quam suspendisse potenti nullam porttitor lacus at turpis donec posuere,,6/21/2023,12/17/2023
at velit,consequat dui nec nisi volutpat eleifend donec ut dolor,tag5 tag1 tag8 important,3/6/2023,3/6/2023
ipsum primis in,ipsum dolor sit amet consectetuer adipiscing elit proin risus,tag4 tag1 tag6 tag9 important,5/19/2023,5/19/2023
odio curabitur,hac habitasse platea dictumst morbi vestibulum velit id pretium iaculis,tag8 tag6 important,4/18/2023,4/18/2023
dignissim vestibulum,nam ultrices libero non mattis pulvinar nulla pede ullamcorper augue a suscipit nulla elit ac,tag7 tag1 tag4 tag8 tag6,6/28/2023,10/28/2023
luctus nec,in felis eu sapien cursus vestibulum proin eu mi nulla ac enim in tempor,important tag5 tag7,8/25/2023,8/25/2023
sit amet,odio in hac habitasse platea dictumst maecenas ut massa quis augue,tag2 tag7 important tag3,2/27/2023,2/27/2023
magna bibendum important at v,at vulputate vitae nisl aenean lectus pellentesque eget,tag4 tag5 tag8 tag1 tag2,5/26/2023,5/26/2023
ultrices posuere cubilia important eu f,eu felis fusce posuere felis sed lacus morbi sem mauris laoreet ut rhoncus aliquet pulvinar,tag3,8/31/2023,8/31/2023
neque libero,tempor convallis nulla neque libero convallis eget eleifend luctus ultricies eu nibh quisque id,tag6 important tag3,4/25/2023,6/15/2023
sapien sapien,turpis nec euismod scelerisque quam turpis adipiscing lorem,tag9 tag1,2/5/2023,2/5/2023
id luctus nec,eros viverra eget congue eget semper rutrum nulla nunc,tag6 tag5,1/14/2023,12/15/2023
odio condimentum id important aene,aenean auctor gravida sem praesent id massa id,tag3 tag1 tag2,5/6/2023,5/6/2023
at velit eu,justo eu massa donec dapibus duis at velit eu,,4/28/2023,4/28/2023
orci luctus et,quis lectus suspendisse potenti in eleifend quam a odio in hac habitasse,tag1 tag5 important,8/10/2023,8/10/2023
pede malesuada in,eu orci mauris lacinia sapien quis libero nullam sit amet turpis,tag5 tag3 tag1 tag6 tag9,7/27/2023,2/23/2024
nec condimentum neque,ante ipsum primis in faucibus orci luctus et ultrices posuere cubilia curae,tag6 tag5 tag7 tag3 tag4 important,2/25/2023,2/25/2023
nullam orci pede,sit amet nulla quisque arcu libero rutrum ac lobortis vel dapibus at diam nam tristique,tag2,10/14/2023,10/14/2023
nulla justo,massa tempor convallis nulla neque libero convallis eget eleifend luctus,tag9 tag2,2/15/2023,5/23/2023
mauris morbi non,metus arcu adipiscing molestie hendrerit at vulputate vitae nisl aenean,,10/27/2023,10/27/2023
morbi vel lectus,velit nec nisi vulputate nonummy maecenas tincidunt lacus at velit vivamus vel,important tag5,7/28/2023,7/28/2023
ut massa,ac nibh fusce lacus purus aliquet at feugiat non pretium quis lectus,tag8,6/7/2023,6/7/2023
odio condimentum id important vest,vestibulum eget vulputate ut ultrices vel augue vestibulum ante ipsum primis in faucibus,tag7 tag3 tag6 tag4,2/1/2023,2/22/2023
odio justo,vestibulum quam sapien varius ut blandit non interdum in ante vestibulum ante,,6/17/2023,6/17/2023
justo sollicitudin,morbi vel lectus in quam fringilla rhoncus mauris enim leo,tag4 tag7 tag2 tag1,4/3/2023,4/3/2023
erat curabitur gravida,risus auctor sed tristique in tempus sit amet sem,tag1 tag6 tag3 tag9,9/28/2023,10/17/2023
bibendum imperdiet,justo eu massa donec dapibus duis at velit eu est,tag2 tag5,2/23/2023,9/14/2023
est donec odio important prae,praesent blandit nam nulla integer pede justo lacinia eget tincidunt eget tempus vel,tag8 tag7 tag6 tag3 tag4,1/29/2023,1/29/2023
consequat morbi a important luct,luctus et ultrices posuere cubilia curae nulla dapibus dolor vel est donec odio justo sollicitudin,,6/28/2023,10/31/2023
vestibulum proin important vene,venenatis non sodales sed tincidunt eu felis fusce posuere felis sed lacus morbi sem mauris,tag2 important tag6 tag4 tag9,1/3/2023,6/15/2023
mauris laoreet important part,parturient montes nascetur ridiculus mus etiam vel augue vestibulum rutrum rutrum,tag8 tag4,8/26/2023,11/3/2023
at velit eu important in l,in leo maecenas pulvinar lobortis est phasellus sit amet erat nulla tempus,tag3 tag8 tag4 tag7,2/15/2023,2/15/2023
nunc purus phasellus,eu nibh quisque id justo sit amet sapien dignissim vestibulum vestibulum ante,tag1 tag5 tag8 tag7 tag2,7/22/2023,7/22/2023
cum sociis,congue vivamus metus arcu adipiscing molestie hendrerit at vulputate vitae nisl aenean lectus pellentesque eget,tag9 tag1 tag8 important,5/27/2023,5/27/2023
sapien cursus vestibulum,non quam nec dui luctus rutrum nulla tellus in sagittis dui vel nisl duis,tag7 tag5 tag9 important,7/27/2023,10/16/2023
eget elit,mi integer ac neque duis bibendum morbi non quam,tag2 important tag7 tag4 tag1,8/3/2023,2/17/2024
orci luctus et,iaculis justo in hac habitasse platea dictumst etiam faucibus cursus urna,tag2,6/7/2023,11/7/2023
gravida nisi at important impe,imperdiet sapien urna pretium nisl ut volutpat sapien,tag3 important tag4 tag2,12/22/2023,12/22/2023
curabitur convallis duis,nulla tempus vivamus in felis eu sapien cursus vestibulum proin eu mi,tag2 tag7 tag3 tag9,5/20/2023,8/27/2023
pede malesuada in,ipsum primis in faucibus orci luctus et ultrices posuere cubilia curae nulla dapibus,tag1 tag6,8/12/2023,8/12/2023
fusce congue diam,sem mauris laoreet ut rhoncus aliquet pulvinar sed nisl nunc rhoncus dui vel sem sed,tag4 tag9,2/10/2023,6/28/2023
dapibus duis,proin risus praesent lectus vestibulum quam sapien varius ut blandit,important,7/2/2023,9/29/2023
id justo,donec posuere metus vitae ipsum aliquam non mauris morbi non lectus aliquam sit amet diam,,12/1/2023,12/5/2023
consequat dui nec important ipsu,ipsum primis in faucibus orci luctus et ultrices posuere cubilia,tag7 tag8 tag9 important tag2,5/14/2023,6/25/2023
nec condimentum important inte,integer ac neque duis bibendum morbi non quam nec dui luctus,tag2 tag1 tag8 tag7,10/19/2023,10/19/2023
hac habitasse,pellentesque viverra pede ac diam cras pellentesque volutpat dui maecenas tristique,tag4 tag2 important,5/19/2023,5/19/2023
orci vehicula,sapien quis libero nullam sit amet turpis elementum ligula vehicula consequat morbi a,important tag4 tag2 tag1,3/14/2023,7/1/2023
ante ipsum,tortor sollicitudin mi sit amet lobortis sapien sapien non mi,tag2 tag4 tag9 tag3 important,1/22/2023,10/18/2023
orci luctus,purus phasellus in felis donec semper sapien a libero nam dui,tag2,7/30/2023,7/30/2023
non mauris morbi,purus sit amet nulla quisque arcu libero rutrum ac lobortis vel,,6/4/2023,6/4/2023
curabitur at ipsum important cubi,cubilia curae mauris viverra diam vitae quam suspendisse potenti nullam porttitor,tag5 tag3 tag9,3/10/2023,11/20/2023
suspendisse potenti nullam important accu,accumsan tellus nisi eu orci mauris lacinia sapien quis libero nullam,tag9 tag1 important tag8 tag2,2/6/2023,3/15/2023
lacinia sapien,vestibulum eget vulputate ut ultrices vel augue vestibulum ante ipsum,tag4 tag3 tag9 tag1,8/11/2023,8/11/2023
ligula vehicula consequat,platea dictumst maecenas ut massa quis augue luctus tincidunt nulla,,4/11/2023,4/11/2023
neque aenean auctor,ipsum integer a nibh in quis justo maecenas rhoncus aliquam lacus morbi,tag9 tag6 tag1 important,9/18/2023,11/10/2023
pellentesque ultrices,nulla quisque arcu libero rutrum ac lobortis vel dapibus,tag3,2/20/2023,2/20/2023
in faucibus,pede posuere nonummy integer non velit donec diam neque vestibulum eget vulputate,tag7,8/23/2023,8/23/2023
libero quis orci,maecenas rhoncus aliquam lacus morbi quis tortor id nulla ultrices aliquet,,10/23/2023,10/23/2023
donec semper sapien important dign,dignissim vestibulum vestibulum ante ipsum primis in faucibus orci luctus et ultrices,tag2 tag1 tag9 tag3 important,5/18/2023,5/18/2023
semper interdum,mauris ullamcorper purus sit amet nulla quisque arcu libero rutrum ac lobortis vel,tag7 tag4 tag9 tag5,11/16/2023,11/16/2023
sapien dignissim vestibulum important odio,odio odio elementum eu interdum eu tincidunt in leo maecenas pulvinar lobortis,tag4 important,2/15/2023,12/4/2023
vel lectus in,ultrices phasellus id sapien in sapien iaculis congue vivamus metus arcu adipiscing,tag4,3/22/2023,7/10/2023
neque sapien placerat,lacus curabitur at ipsum ac tellus semper interdum mauris,tag3 important,11/24/2023,1/12/2024
ante nulla,ultrices mattis odio donec vitae nisi nam ultrices,tag4 tag8 important tag5 tag3,4/22/2023,4/22/2023
massa quis important nam ,nam ultrices libero non mattis pulvinar nulla pede ullamcorper augue a suscipit nulla elit ac,tag8,11/19/2023,11/19/2023
ligula nec sem,odio odio elementum eu interdum eu tincidunt in,tag7 tag3 tag2 tag5 important,4/10/2023,8/9/2023
molestie lorem important ligu,ligula pellentesque ultrices phasellus id sapien in sapien iaculis,tag2 tag4,3/17/2023,3/17/2023
turpis enim blandit,odio justo sollicitudin ut suscipit a feugiat et eros vestibulum ac est,important,5/25/2023,5/25/2023
primis in faucibus important cons,consectetuer adipiscing elit proin interdum mauris non ligula,tag3 tag8 important,8/14/2023,2/7/2024
ante nulla,sapien in sapien iaculis congue vivamus metus arcu adipiscing,tag2 tag9 tag3,5/28/2023,1/6/2024
eget rutrum at,sit amet sapien dignissim vestibulum vestibulum ante ipsum primis in faucibus orci,important tag2 tag9 tag1,12/2/2023,3/7/2024
montes nascetur ridiculus important vel ,vel augue vestibulum rutrum rutrum neque aenean auctor gravida sem praesent id massa id nisl,tag6,3/13/2023,9/16/2023
fusce congue diam,sapien cursus vestibulum proin eu mi nulla ac enim in,tag7,6/30/2023,8/2/2023
dolor vel est,eget elit sodales scelerisque mauris sit amet eros suspendisse,tag3 tag6,11/15/2023,12/30/2023
pulvinar sed nisl,donec diam neque vestibulum eget vulputate ut ultrices vel augue vestibulum ante ipsum,tag7 tag9 important,6/15/2023,6/15/2023
duis mattis,ut volutpat sapien arcu sed augue aliquam erat volutpat in congue etiam justo etiam,tag8 tag4 tag1 important,10/4/2023,10/18/2023
ut ultrices,proin eu mi nulla ac enim in tempor turpis nec euismod scelerisque quam turpis,tag4 tag3 important,6/5/2023,12/23/2023
amet sapien,leo pellentesque ultrices mattis odio donec vitae nisi nam ultrices libero non mattis pulvinar,tag5 tag9 important tag4 tag3,10/6/2023,10/6/2023
consequat lectus in important cubi,cubilia curae nulla dapibus dolor vel est donec odio justo sollicitudin ut suscipit a,tag7 tag2 tag3 tag5 tag6 important,3/5/2023,9/9/2023
faucibus cursus urna,amet eleifend pede libero quis orci nullam molestie,tag3,4/6/2023,4/6/2023
duis faucibus accumsan,quis tortor id nulla ultrices aliquet maecenas leo odio condimentum id luctus,,3/12/2023,9/20/2023
in felis,vulputate elementum nullam varius nulla facilisi cras non velit nec nisi vulputate nonummy maecenas,tag5,4/4/2023,4/4/2023
justo lacinia eget,sollicitudin mi sit amet lobortis sapien sapien non mi integer ac neque duis bibendum,tag4 tag1 tag8 tag3,1/12/2023,9/10/2023
in hac,sit amet consectetuer adipiscing elit proin interdum mauris non ligula pellentesque ultrices,,2/5/2023,5/1/2023
lobortis convallis tortor,turpis sed ante vivamus tortor duis mattis egestas metus aenean fermentum donec ut mauris eget,tag2,6/24/2023,6/24/2023
mauris vulputate,magna at nunc commodo placerat praesent blandit nam nulla integer pede justo lacinia,tag6 tag4 tag7 tag1 tag2,7/17/2023,7/17/2023
sociis natoque,vel nulla eget eros elementum pellentesque quisque porta volutpat erat quisque erat eros,tag8 important tag3,4/8/2023,4/8/2023
nulla justo,ullamcorper augue a suscipit nulla elit ac nulla sed vel enim,tag3 important,2/15/2023,2/15/2023
quis odio,morbi porttitor lorem id ligula suspendisse ornare consequat,tag3 tag9 tag2 tag4 tag8,1/19/2023,1/30/2024
aliquet ultrices,erat fermentum justo nec condimentum neque sapien placerat ante,,6/5/2023,3/7/2024
dapibus augue vel important laor,laoreet ut rhoncus aliquet pulvinar sed nisl nunc rhoncus dui vel sem sed,tag6 tag8,8/26/2023,8/26/2023
at turpis a,odio donec vitae nisi nam ultrices libero non mattis pulvinar nulla,tag5 tag6,3/26/2023,7/30/2023
dictumst etiam faucibus,ridiculus mus vivamus vestibulum sagittis sapien cum sociis natoque penatibus et magnis dis,tag7 tag6 tag5 tag2 tag4,10/20/2023,1/23/2024
posuere cubilia,justo lacinia eget tincidunt eget tempus vel pede morbi porttitor,tag8 tag5 tag1,9/14/2023,9/14/2023
vel ipsum,a nibh in quis justo maecenas rhoncus aliquam lacus morbi quis tortor id nulla ultrices,tag7 important tag6 tag4 tag5,2/1/2023,11/9/2023
semper est quam important in b,in blandit ultrices enim lorem ipsum dolor sit amet consectetuer,tag8 tag3 tag2 tag6 important,3/27/2023,3/27/2023
tortor eu important conv,convallis nulla neque libero convallis eget eleifend luctus ultricies eu nibh,tag2 tag6 tag8 important,3/8/2023,9/4/2023
faucibus orci luctus,luctus rutrum nulla tellus in sagittis dui vel nisl duis ac,tag4,1/31/2023,1/31/2023
eleifend quam a important nibh,nibh quisque id justo sit amet sapien dignissim vestibulum,tag7 important,2/18/2023,10/25/2023
vitae nisl aenean important lect,lectus in est risus auctor sed tristique in tempus sit amet sem fusce consequat nulla,,4/29/2023,4/29/2023
volutpat dui maecenas,quisque ut erat curabitur gravida nisi at nibh,tag6 tag4 tag3,10/24/2023,1/24/2024
ornare consequat,at velit vivamus vel nulla eget eros elementum pellentesque quisque porta volutpat,tag6 tag1,3/21/2023,3/21/2023
ut ultrices vel important cons,consequat metus sapien ut nunc vestibulum ante ipsum primis,,6/2/2023,2/27/2024
non lectus aliquam,duis at velit eu est congue elementum in hac habitasse platea dictumst morbi,tag4 tag7 tag9,6/11/2023,6/11/2023
magna vestibulum aliquet,arcu adipiscing molestie hendrerit at vulputate vitae nisl aenean lectus pellentesque eget nunc,important tag6 tag8 tag5,4/13/2023,8/11/2023
vivamus in felis,nulla suspendisse potenti cras in purus eu magna vulputate luctus cum sociis natoque penatibus,tag9 tag7 important tag3 tag5,4/2/2023,7/11/2023
suscipit a important orci,orci luctus et ultrices posuere cubilia curae duis faucibus accumsan odio curabitur,tag6 important tag2 tag7,3/30/2023,9/11/2023
primis in faucibus,vulputate luctus cum sociis natoque penatibus et magnis dis parturient montes nascetur ridiculus mus vivamus,tag6 tag1 important tag3 tag8,6/11/2023,6/11/2023
proin eu mi important enim,enim leo rhoncus sed vestibulum sit amet cursus,tag4 tag2 tag8,3/16/2023,7/15/2023
sed tristique in important id m,id massa id nisl venenatis lacinia aenean sit amet justo morbi,tag4 tag5 tag9 tag7 tag8,5/17/2023,7/4/2023
placerat ante,quam sapien varius ut blandit non interdum in ante vestibulum ante ipsum primis in,tag6 tag9 tag7 tag8,7/21/2023,7/21/2023
magna bibendum imperdiet important ulla,ullamcorper augue a suscipit nulla elit ac nulla,important tag2 tag9 tag1,5/24/2023,11/20/2023
sem sed,eu sapien cursus vestibulum proin eu mi nulla ac,tag6 tag9 tag3 tag4,6/16/2023,12/2/2023
posuere cubilia curae,maecenas ut massa quis augue luctus tincidunt nulla mollis molestie lorem quisque ut erat curabitur,tag6 tag1 tag5 tag8 tag2,2/9/2023,2/9/2023
curae nulla,cras mi pede malesuada in imperdiet et commodo vulputate justo in blandit ultrices,tag6,2/21/2023,2/21/2023
sapien in,amet diam in magna bibendum imperdiet nullam orci pede venenatis non sodales,,1/10/2023,1/10/2023
ultrices vel augue,varius nulla facilisi cras non velit nec nisi,tag2 tag7 tag6 tag4 important,8/16/2023,12/24/2023
eleifend quam,ornare imperdiet sapien urna pretium nisl ut volutpat sapien arcu sed augue aliquam,tag7 tag5,4/15/2023,4/15/2023
quisque erat eros,volutpat convallis morbi odio odio elementum eu interdum eu tincidunt in leo maecenas,tag4 tag7,3/5/2023,3/5/2023
lobortis vel important ut r,ut rhoncus aliquet pulvinar sed nisl nunc rhoncus dui vel,tag2 tag3 tag4 tag8,10/5/2023,11/3/2023
interdum eu tincidunt,mauris morbi non lectus aliquam sit amet diam,tag3 important,9/1/2023,9/1/2023
rhoncus aliquet pulvinar important,orci vehicula condimentum curabitur in libero ut massa volutpat convallis morbi odio odio,tag9 tag6 tag8,5/5/2023,5/5/2023
cum sociis natoque,blandit ultrices enim lorem ipsum dolor sit amet consectetuer adipiscing elit proin,tag3 important,8/26/2023,1/11/2024
non velit important sapi,sapien arcu sed augue aliquam erat volutpat in congue,tag9 tag7 tag5 tag4,5/1/2023,5/1/2023
sapien ut nunc,hac habitasse platea dictumst aliquam augue quam sollicitudin vitae consectetuer eget rutrum at,tag3,2/24/2023,6/20/2023
vivamus tortor important dis ,dis parturient montes nascetur ridiculus mus vivamus vestibulum sagittis sapien,tag4,5/30/2023,6/15/2023
ultrices posuere cubilia,a odio in hac habitasse platea dictumst maecenas ut massa quis augue luctus tincidunt nulla,tag1 tag3 important,5/22/2023,1/31/2024
dapibus nulla suscipit,sapien cursus vestibulum proin eu mi nulla ac enim in tempor,tag9 tag5 important tag8 tag6,3/19/2023,7/13/2023
justo aliquam quis important conv,convallis tortor risus dapibus augue vel accumsan tellus nisi eu orci mauris,,2/1/2023,9/1/2023
tempor convallis,vestibulum velit id pretium iaculis diam erat fermentum justo nec condimentum neque sapien,tag7 important,1/28/2023,1/28/2023
vestibulum vestibulum,donec ut dolor morbi vel lectus in quam fringilla rhoncus mauris enim leo rhoncus,tag8 tag7 tag9 tag1,1/27/2023,2/17/2024
vivamus vestibulum,accumsan tortor quis turpis sed ante vivamus tortor duis mattis egestas metus aenean,tag6 important tag3 tag1,2/3/2023,9/23/2023
donec pharetra magna,in eleifend quam a odio in hac habitasse platea dictumst maecenas ut massa,tag6,1/1/2023,1/1/2023
in felis eu important hend,hendrerit at vulputate vitae nisl aenean lectus pellentesque eget nunc donec quis orci,tag1 tag7,8/8/2023,12/8/2023
non velit donec important done,donec diam neque vestibulum eget vulputate ut ultrices vel augue vestibulum ante ipsum primis,tag6,2/13/2023,2/13/2023
mattis nibh,luctus ultricies eu nibh quisque id justo sit amet,important,4/15/2023,4/15/2023
diam neque,pretium quis lectus suspendisse potenti in eleifend quam a odio in hac habitasse,tag4 tag5 tag8,12/3/2023,12/28/2023
lobortis vel important aliq,aliquam erat volutpat in congue etiam justo etiam pretium iaculis justo in,tag9 tag8 tag1 tag6,9/15/2023,9/15/2023
pellentesque volutpat,commodo placerat praesent blandit nam nulla integer pede justo lacinia,,9/2/2023,12/21/2023
nam nulla important quis,quisque id justo sit amet sapien dignissim vestibulum,tag9 tag5 tag1 tag2 important,8/2/2023,8/2/2023
suscipit ligula in important prae,praesent lectus vestibulum quam sapien varius ut blandit non interdum,tag3 tag9 tag1,3/26/2023,9/8/2023
sit amet nulla,et ultrices posuere cubilia curae donec pharetra magna vestibulum,tag5 tag4 tag9 tag7,10/30/2023,10/30/2023
euismod scelerisque,justo eu massa donec dapibus duis at velit eu est congue,tag8 tag7 important,4/15/2023,5/5/2023
fringilla rhoncus,ligula in lacus curabitur at ipsum ac tellus semper interdum mauris ullamcorper purus sit,tag8 tag6 tag9 tag5,4/15/2023,4/15/2023
mauris enim,enim lorem ipsum dolor sit amet consectetuer adipiscing elit proin interdum,tag9 tag6 tag2,1/29/2023,7/24/2023
dis parturient important eget,eget rutrum at lorem integer tincidunt ante vel ipsum praesent blandit lacinia erat,important,1/16/2023,9/7/2023
vestibulum proin,varius ut blandit non interdum in ante vestibulum ante,tag2,6/24/2023,6/24/2023
arcu adipiscing molestie important duis,duis ac nibh fusce lacus purus aliquet at feugiat non pretium quis lectus suspendisse potenti,tag3 tag7 tag6 tag1 important,4/25/2023,4/25/2023
vel nulla important bibe,bibendum imperdiet nullam orci pede venenatis non sodales,tag7 tag9 tag1 tag6,1/31/2023,1/22/2024
lobortis vel,arcu adipiscing molestie hendrerit at vulputate vitae nisl aenean lectus,,2/10/2023,10/4/2023
libero quis orci,gravida sem praesent id massa id nisl venenatis lacinia aenean sit amet justo morbi ut,tag3 tag8 important,4/2/2023,4/2/2023
pulvinar sed,ipsum primis in faucibus orci luctus et ultrices posuere cubilia curae duis faucibus,tag7,5/5/2023,8/17/2023
hendrerit at important eget,eget semper rutrum nulla nunc purus phasellus in felis donec semper sapien a libero nam,tag6 tag3 tag9 tag4 important,2/23/2023,12/11/2023
nunc proin at important,montes nascetur ridiculus mus vivamus vestibulum sagittis sapien,important,4/11/2023,7/8/2023
nulla ultrices aliquet important sapi,sapien urna pretium nisl ut volutpat sapien arcu sed augue aliquam erat volutpat,tag8 tag3 important tag9 tag1,5/27/2023,5/27/2023
tincidunt eget,justo maecenas rhoncus aliquam lacus morbi quis tortor id nulla ultrices aliquet maecenas leo,tag5 tag2,3/9/2023,3/9/2023
tristique in tempus,augue quam sollicitudin vitae consectetuer eget rutrum at lorem integer tincidunt ante vel ipsum,important tag9 tag8,5/6/2023,11/6/2023
quam pharetra,duis faucibus accumsan odio curabitur convallis duis consequat,tag5 tag8 tag9,9/16/2023,9/16/2023
et magnis,at ipsum ac tellus semper interdum mauris ullamcorper purus,tag7 tag2 tag4 tag1,1/6/2023,3/1/2023
id luctus nec,semper rutrum nulla nunc purus phasellus in felis donec semper sapien a libero nam,tag3 tag5 important tag2,1/9/2023,6/26/2023
aliquam lacus important vive,viverra pede ac diam cras pellentesque volutpat dui maecenas tristique est et,,9/15/2023,10/26/2023
augue a suscipit,est congue elementum in hac habitasse platea dictumst morbi vestibulum,important tag2 tag4 tag6 tag5,4/26/2023,4/26/2023
turpis adipiscing,nonummy integer non velit donec diam neque vestibulum,,3/1/2023,3/26/2023
est donec odio,turpis sed ante vivamus tortor duis mattis egestas metus aenean,tag9 tag2 tag7 tag4 tag8,5/26/2023,5/26/2023
mi nulla ac important adip,adipiscing lorem vitae mattis nibh ligula nec sem duis aliquam convallis nunc proin,tag6 tag8 tag5,8/12/2023,10/3/2023
semper sapien a,varius nulla facilisi cras non velit nec nisi vulputate nonummy maecenas tincidunt lacus,tag9 tag7 tag6 tag8 tag3,4/26/2023,4/26/2023
vivamus vestibulum sagittis,vitae consectetuer eget rutrum at lorem integer tincidunt ante vel ipsum praesent blandit lacinia erat,tag8 tag1,3/25/2023,4/19/2023
aenean auctor gravida important ut b,ut blandit non interdum in ante vestibulum ante ipsum,tag9,10/7/2023,10/7/2023
nec nisi,tortor sollicitudin mi sit amet lobortis sapien sapien non mi,,9/7/2023,12/9/2023
nulla tempus,nisl ut volutpat sapien arcu sed augue aliquam,tag1 tag6 important,3/1/2023,6/4/2023
suspendisse potenti in,rhoncus dui vel sem sed sagittis nam congue risus semper porta volutpat quam pede lobortis,tag1 tag6 tag2,3/25/2023,3/25/2023
congue diam id,donec odio justo sollicitudin ut suscipit a feugiat et eros vestibulum ac,tag6 tag3 tag2,6/13/2023,7/10/2023
dictumst maecenas important,pretium quis lectus suspendisse potenti in eleifend quam a odio in,important,1/31/2023,11/24/2023
luctus nec,nunc proin at turpis a pede posuere nonummy integer,tag8 tag6 tag2 tag4,2/15/2023,2/15/2023
et ultrices,porta volutpat erat quisque erat eros viverra eget congue eget semper rutrum nulla,tag5 tag6 tag3 tag2 tag1 important,3/30/2023,3/30/2023
in eleifend,eu tincidunt in leo maecenas pulvinar lobortis est phasellus sit amet erat nulla tempus vivamus,tag8 important tag9 tag4 tag7,1/14/2023,9/2/2023
in lacus curabitur,ante ipsum primis in faucibus orci luctus et ultrices posuere cubilia curae,important tag3 tag5 tag2 tag1,8/11/2023,1/30/2024
nibh in lectus,augue aliquam erat volutpat in congue etiam justo etiam pretium iaculis justo in hac habitasse,tag2 tag4 tag8 tag7 tag3,2/28/2023,5/1/2023
convallis nulla,quam fringilla rhoncus mauris enim leo rhoncus sed vestibulum,,2/22/2023,11/3/2023
vel nisl duis,nisi eu orci mauris lacinia sapien quis libero nullam,tag6 tag7 important,5/20/2023,5/20/2023
porta volutpat quam,libero nam dui proin leo odio porttitor id consequat in consequat ut nulla,important,5/2/2023,5/2/2023
eget eros elementum,et magnis dis parturient montes nascetur ridiculus mus etiam vel augue vestibulum rutrum rutrum,tag4 important,10/3/2023,10/3/2023
pretium iaculis diam,nec euismod scelerisque quam turpis adipiscing lorem vitae mattis,tag3 tag2 tag5 tag9 tag4,3/15/2023,8/2/2023
at dolor,risus dapibus augue vel accumsan tellus nisi eu orci mauris lacinia sapien quis libero,tag7,1/29/2023,1/29/2023
justo maecenas rhoncus,ac neque duis bibendum morbi non quam nec dui luctus rutrum,tag1 tag6 tag3 important,4/22/2023,1/9/2024
sapien urna,quam turpis adipiscing lorem vitae mattis nibh ligula nec sem duis aliquam,tag5 tag8 tag9 tag7 tag2,10/8/2023,11/25/2023
dis parturient montes,eu felis fusce posuere felis sed lacus morbi sem mauris laoreet ut rhoncus aliquet,important tag1 tag4 tag7 tag2,2/21/2023,2/19/2024
id mauris,erat eros viverra eget congue eget semper rutrum nulla nunc purus phasellus in felis donec,tag3,5/22/2023,6/23/2023
eget massa,massa tempor convallis nulla neque libero convallis eget eleifend luctus ultricies eu,tag4 tag8 tag2,4/8/2023,8/15/2023
curae duis important id t,id turpis integer aliquet massa id lobortis convallis tortor risus dapibus augue vel accumsan tellus,,6/28/2023,6/28/2023
cubilia curae,vestibulum vestibulum ante ipsum primis in faucibus orci,,9/17/2023,9/17/2023
